"11"	"81"
"30"	"81"
"63"	"81"
"76"	"81"
"83"	"81"
"121"	"81"
"7"	"55"
"7"	"81"
"43"	"55"
"43"	"81"
"46"	"55"
"46"	"81"
"60"	"55"
"60"	"81"
"100"	"55"
"100"	"81"
"70"	"19"
"70"	"55"
"70"	"81"
"5"	"19"
"5"	"42"
"5"	"55"
"5"	"81"
"9"	"19"
"9"	"42"
"9"	"55"
"9"	"81"
"18"	"19"
"18"	"42"
"18"	"55"
"18"	"81"
"26"	"19"
"26"	"42"
"26"	"55"
"26"	"81"
"39"	"19"
"39"	"42"
"39"	"55"
"39"	"81"
"44"	"19"
"44"	"42"
"44"	"55"
"44"	"81"
"69"	"19"
"69"	"42"
"69"	"55"
"69"	"81"
"71"	"19"
"71"	"42"
"71"	"55"
"71"	"81"
"73"	"19"
"73"	"42"
"73"	"55"
"73"	"81"
"78"	"19"
"78"	"42"
"78"	"55"
"78"	"81"
"127"	"19"
"127"	"42"
"127"	"55"
"127"	"81"
"137"	"106"
"140"	"19"
"140"	"42"
"140"	"138"
"141"	"42"
"141"	"106"
"141"	"137"
"8"	"19"
"8"	"42"
"8"	"138"
"8"	"140"
"29"	"19"
"29"	"42"
"29"	"138"
"29"	"140"
"35"	"19"
"35"	"42"
"35"	"138"
"35"	"140"
"38"	"19"
"38"	"42"
"38"	"138"
"38"	"140"
"50"	"19"
"50"	"42"
"50"	"138"
"50"	"140"
"84"	"19"
"84"	"42"
"84"	"138"
"84"	"140"
"97"	"19"
"97"	"42"
"97"	"138"
"97"	"140"
"129"	"19"
"129"	"42"
"129"	"138"
"129"	"140"
"139"	"74"
"139"	"106"
"139"	"138"
"139"	"140"
"2"	"106"
"2"	"137"
"2"	"141"
"15"	"106"
"15"	"137"
"15"	"141"
"20"	"106"
"20"	"137"
"20"	"141"
"32"	"106"
"32"	"137"
"32"	"141"
"36"	"106"
"36"	"137"
"36"	"141"
"37"	"106"
"37"	"137"
"37"	"141"
"47"	"106"
"47"	"137"
"47"	"141"
"57"	"106"
"57"	"137"
"57"	"141"
"87"	"106"
"87"	"137"
"87"	"141"
"114"	"106"
"114"	"137"
"114"	"141"
"126"	"5"
"126"	"9"
"126"	"18"
"126"	"26"
"126"	"39"
"126"	"44"
"126"	"69"
"126"	"71"
"126"	"73"
"126"	"78"
"126"	"127"
"126"	"8"
"126"	"29"
"126"	"35"
"126"	"38"
"126"	"50"
"126"	"84"
"126"	"97"
"126"	"129"
"98"	"19"
"98"	"42"
"98"	"138"
"98"	"139"
"3"	"19"
"3"	"42"
"3"	"138"
"3"	"140"
"3"	"139"
"4"	"19"
"4"	"42"
"4"	"138"
"4"	"140"
"4"	"139"
"10"	"19"
"10"	"42"
"10"	"138"
"10"	"140"
"10"	"139"
"16"	"19"
"16"	"42"
"16"	"138"
"16"	"140"
"16"	"139"
"23"	"19"
"23"	"42"
"23"	"138"
"23"	"140"
"23"	"139"
"25"	"19"
"25"	"42"
"25"	"138"
"25"	"140"
"25"	"139"
"34"	"19"
"34"	"42"
"34"	"138"
"34"	"140"
"34"	"139"
"56"	"19"
"56"	"42"
"56"	"138"
"56"	"140"
"56"	"139"
"75"	"19"
"75"	"42"
"75"	"138"
"75"	"140"
"75"	"139"
"85"	"19"
"85"	"42"
"85"	"138"
"85"	"140"
"85"	"139"
"92"	"19"
"92"	"42"
"92"	"138"
"92"	"140"
"92"	"139"
"95"	"19"
"95"	"42"
"95"	"138"
"95"	"140"
"95"	"139"
"96"	"19"
"96"	"42"
"96"	"138"
"96"	"140"
"96"	"139"
"102"	"19"
"102"	"42"
"102"	"138"
"102"	"140"
"102"	"139"
"103"	"19"
"103"	"42"
"103"	"138"
"103"	"140"
"103"	"139"
"117"	"19"
"117"	"42"
"117"	"138"
"117"	"140"
"117"	"139"
"122"	"19"
"122"	"42"
"122"	"138"
"122"	"140"
"122"	"139"
"125"	"19"
"125"	"42"
"125"	"138"
"125"	"140"
"125"	"139"
"132"	"19"
"132"	"42"
"132"	"138"
"132"	"140"
"132"	"139"
"116"	"42"
"116"	"2"
"116"	"47"
"116"	"57"
"116"	"87"
"116"	"114"
"120"	"42"
"120"	"2"
"120"	"47"
"120"	"57"
"120"	"87"
"120"	"114"
"40"	"19"
"40"	"42"
"40"	"74"
"40"	"5"
"40"	"9"
"40"	"18"
"40"	"26"
"40"	"39"
"40"	"44"
"40"	"69"
"40"	"71"
"40"	"73"
"40"	"78"
"40"	"127"
"40"	"8"
"40"	"29"
"40"	"35"
"40"	"38"
"40"	"50"
"40"	"84"
"40"	"97"
"40"	"129"
"40"	"139"
"40"	"2"
"40"	"47"
"40"	"57"
"40"	"87"
"40"	"114"
"62"	"42"
"62"	"81"
"62"	"63"
"62"	"76"
"62"	"3"
"62"	"4"
"62"	"23"
"62"	"56"
"62"	"85"
"62"	"92"
"62"	"117"
"62"	"132"
"12"	"55"
"12"	"81"
"12"	"15"
"12"	"20"
"12"	"32"
"12"	"36"
"12"	"37"
"12"	"3"
"12"	"4"
"12"	"23"
"12"	"56"
"12"	"85"
"12"	"92"
"12"	"117"
"12"	"132"
"52"	"138"
"52"	"5"
"52"	"9"
"52"	"18"
"52"	"26"
"52"	"39"
"52"	"44"
"52"	"69"
"52"	"71"
"52"	"73"
"52"	"78"
"52"	"127"
"52"	"140"
"52"	"8"
"52"	"29"
"52"	"35"
"52"	"38"
"52"	"50"
"52"	"84"
"52"	"97"
"52"	"129"
"52"	"139"
"52"	"15"
"52"	"20"
"52"	"32"
"52"	"36"
"52"	"37"
"52"	"3"
"52"	"4"
"52"	"23"
"52"	"56"
"52"	"85"
"52"	"92"
"52"	"117"
"52"	"132"
"58"	"138"
"58"	"5"
"58"	"9"
"58"	"18"
"58"	"26"
"58"	"39"
"58"	"44"
"58"	"69"
"58"	"71"
"58"	"73"
"58"	"78"
"58"	"127"
"58"	"140"
"58"	"8"
"58"	"29"
"58"	"35"
"58"	"38"
"58"	"50"
"58"	"84"
"58"	"97"
"58"	"129"
"58"	"139"
"58"	"15"
"58"	"20"
"58"	"32"
"58"	"36"
"58"	"37"
"58"	"3"
"58"	"4"
"58"	"23"
"58"	"56"
"58"	"85"
"58"	"92"
"58"	"117"
"58"	"132"
"88"	"138"
"88"	"5"
"88"	"9"
"88"	"18"
"88"	"26"
"88"	"39"
"88"	"44"
"88"	"69"
"88"	"71"
"88"	"73"
"88"	"78"
"88"	"127"
"88"	"140"
"88"	"8"
"88"	"29"
"88"	"35"
"88"	"38"
"88"	"50"
"88"	"84"
"88"	"97"
"88"	"129"
"88"	"139"
"88"	"15"
"88"	"20"
"88"	"32"
"88"	"36"
"88"	"37"
"88"	"3"
"88"	"4"
"88"	"23"
"88"	"56"
"88"	"85"
"88"	"92"
"88"	"117"
"88"	"132"
"90"	"138"
"90"	"5"
"90"	"9"
"90"	"18"
"90"	"26"
"90"	"39"
"90"	"44"
"90"	"69"
"90"	"71"
"90"	"73"
"90"	"78"
"90"	"127"
"90"	"140"
"90"	"8"
"90"	"29"
"90"	"35"
"90"	"38"
"90"	"50"
"90"	"84"
"90"	"97"
"90"	"129"
"90"	"139"
"90"	"15"
"90"	"20"
"90"	"32"
"90"	"36"
"90"	"37"
"90"	"3"
"90"	"4"
"90"	"23"
"90"	"56"
"90"	"85"
"90"	"92"
"90"	"117"
"90"	"132"
"93"	"138"
"93"	"5"
"93"	"9"
"93"	"18"
"93"	"26"
"93"	"39"
"93"	"44"
"93"	"69"
"93"	"71"
"93"	"73"
"93"	"78"
"93"	"127"
"93"	"140"
"93"	"8"
"93"	"29"
"93"	"35"
"93"	"38"
"93"	"50"
"93"	"84"
"93"	"97"
"93"	"129"
"93"	"139"
"93"	"15"
"93"	"20"
"93"	"32"
"93"	"36"
"93"	"37"
"93"	"3"
"93"	"4"
"93"	"23"
"93"	"56"
"93"	"85"
"93"	"92"
"93"	"117"
"93"	"132"
"1"	"42"
"1"	"63"
"1"	"76"
"1"	"3"
"1"	"4"
"1"	"23"
"1"	"56"
"1"	"85"
"1"	"92"
"1"	"117"
"1"	"132"
"1"	"62"
"22"	"42"
"22"	"63"
"22"	"76"
"22"	"3"
"22"	"4"
"22"	"23"
"22"	"56"
"22"	"85"
"22"	"92"
"22"	"117"
"22"	"132"
"22"	"62"
"45"	"42"
"45"	"63"
"45"	"76"
"45"	"3"
"45"	"4"
"45"	"23"
"45"	"56"
"45"	"85"
"45"	"92"
"45"	"117"
"45"	"132"
"45"	"62"
"86"	"42"
"86"	"63"
"86"	"76"
"86"	"3"
"86"	"4"
"86"	"23"
"86"	"56"
"86"	"85"
"86"	"92"
"86"	"117"
"86"	"132"
"86"	"62"
"91"	"42"
"91"	"63"
"91"	"76"
"91"	"3"
"91"	"4"
"91"	"23"
"91"	"56"
"91"	"85"
"91"	"92"
"91"	"117"
"91"	"132"
"91"	"62"
"94"	"42"
"94"	"63"
"94"	"76"
"94"	"3"
"94"	"4"
"94"	"23"
"94"	"56"
"94"	"85"
"94"	"92"
"94"	"117"
"94"	"132"
"94"	"62"
"108"	"42"
"108"	"63"
"108"	"76"
"108"	"3"
"108"	"4"
"108"	"23"
"108"	"56"
"108"	"85"
"108"	"92"
"108"	"117"
"108"	"132"
"108"	"62"
"112"	"42"
"112"	"63"
"112"	"76"
"112"	"3"
"112"	"4"
"112"	"23"
"112"	"56"
"112"	"85"
"112"	"92"
"112"	"117"
"112"	"132"
"112"	"62"
"113"	"42"
"113"	"63"
"113"	"76"
"113"	"3"
"113"	"4"
"113"	"23"
"113"	"56"
"113"	"85"
"113"	"92"
"113"	"117"
"113"	"132"
"113"	"62"
"119"	"42"
"119"	"63"
"119"	"76"
"119"	"3"
"119"	"4"
"119"	"23"
"119"	"56"
"119"	"85"
"119"	"92"
"119"	"117"
"119"	"132"
"119"	"62"
"130"	"42"
"130"	"63"
"130"	"76"
"130"	"3"
"130"	"4"
"130"	"23"
"130"	"56"
"130"	"85"
"130"	"92"
"130"	"117"
"130"	"132"
"130"	"62"
"133"	"42"
"133"	"63"
"133"	"76"
"133"	"3"
"133"	"4"
"133"	"23"
"133"	"56"
"133"	"85"
"133"	"92"
"133"	"117"
"133"	"132"
"133"	"62"
"134"	"42"
"134"	"63"
"134"	"76"
"134"	"3"
"134"	"4"
"134"	"23"
"134"	"56"
"134"	"85"
"134"	"92"
"134"	"117"
"134"	"132"
"134"	"62"
"136"	"42"
"136"	"63"
"136"	"76"
"136"	"3"
"136"	"4"
"136"	"23"
"136"	"56"
"136"	"85"
"136"	"92"
"136"	"117"
"136"	"132"
"136"	"62"
"64"	"19"
"64"	"42"
"64"	"5"
"64"	"9"
"64"	"18"
"64"	"26"
"64"	"39"
"64"	"44"
"64"	"69"
"64"	"71"
"64"	"73"
"64"	"78"
"64"	"127"
"64"	"8"
"64"	"29"
"64"	"35"
"64"	"38"
"64"	"50"
"64"	"84"
"64"	"97"
"64"	"129"
"64"	"139"
"64"	"2"
"64"	"47"
"64"	"57"
"64"	"87"
"64"	"114"
"64"	"10"
"64"	"16"
"64"	"25"
"64"	"34"
"64"	"75"
"64"	"96"
"64"	"102"
"64"	"103"
"64"	"122"
"64"	"125"
"64"	"116"
"64"	"120"
"64"	"52"
"64"	"58"
"64"	"88"
"64"	"90"
"64"	"93"
"89"	"42"
"89"	"55"
"89"	"81"
"89"	"43"
"89"	"46"
"89"	"100"
"89"	"5"
"89"	"9"
"89"	"18"
"89"	"26"
"89"	"39"
"89"	"44"
"89"	"69"
"89"	"71"
"89"	"73"
"89"	"78"
"89"	"127"
"89"	"8"
"89"	"29"
"89"	"35"
"89"	"38"
"89"	"50"
"89"	"84"
"89"	"97"
"89"	"129"
"89"	"15"
"89"	"20"
"89"	"32"
"89"	"36"
"89"	"37"
"89"	"3"
"89"	"4"
"89"	"10"
"89"	"16"
"89"	"23"
"89"	"25"
"89"	"34"
"89"	"56"
"89"	"75"
"89"	"85"
"89"	"92"
"89"	"96"
"89"	"102"
"89"	"103"
"89"	"117"
"89"	"122"
"89"	"125"
"89"	"132"
"89"	"52"
"89"	"58"
"89"	"88"
"89"	"90"
"89"	"93"
"107"	"42"
"107"	"55"
"107"	"81"
"107"	"43"
"107"	"46"
"107"	"100"
"107"	"5"
"107"	"9"
"107"	"18"
"107"	"26"
"107"	"39"
"107"	"44"
"107"	"69"
"107"	"71"
"107"	"73"
"107"	"78"
"107"	"127"
"107"	"8"
"107"	"29"
"107"	"35"
"107"	"38"
"107"	"50"
"107"	"84"
"107"	"97"
"107"	"129"
"107"	"15"
"107"	"20"
"107"	"32"
"107"	"36"
"107"	"37"
"107"	"3"
"107"	"4"
"107"	"10"
"107"	"16"
"107"	"23"
"107"	"25"
"107"	"34"
"107"	"56"
"107"	"75"
"107"	"85"
"107"	"92"
"107"	"96"
"107"	"102"
"107"	"103"
"107"	"117"
"107"	"122"
"107"	"125"
"107"	"132"
"107"	"52"
"107"	"58"
"107"	"88"
"107"	"90"
"107"	"93"
"21"	"11"
"21"	"30"
"21"	"63"
"21"	"76"
"21"	"83"
"21"	"121"
"21"	"98"
"21"	"3"
"21"	"4"
"21"	"10"
"21"	"16"
"21"	"23"
"21"	"25"
"21"	"34"
"21"	"56"
"21"	"75"
"21"	"85"
"21"	"92"
"21"	"96"
"21"	"102"
"21"	"103"
"21"	"117"
"21"	"122"
"21"	"125"
"21"	"132"
"21"	"116"
"21"	"120"
"21"	"62"
"21"	"52"
"21"	"58"
"21"	"88"
"21"	"90"
"21"	"93"
"21"	"89"
"21"	"107"
"31"	"11"
"31"	"30"
"31"	"63"
"31"	"76"
"31"	"83"
"31"	"121"
"31"	"98"
"31"	"3"
"31"	"4"
"31"	"10"
"31"	"16"
"31"	"23"
"31"	"25"
"31"	"34"
"31"	"56"
"31"	"75"
"31"	"85"
"31"	"92"
"31"	"96"
"31"	"102"
"31"	"103"
"31"	"117"
"31"	"122"
"31"	"125"
"31"	"132"
"31"	"116"
"31"	"120"
"31"	"62"
"31"	"52"
"31"	"58"
"31"	"88"
"31"	"90"
"31"	"93"
"31"	"89"
"31"	"107"
"53"	"43"
"53"	"46"
"53"	"100"
"53"	"5"
"53"	"9"
"53"	"18"
"53"	"26"
"53"	"39"
"53"	"44"
"53"	"69"
"53"	"71"
"53"	"73"
"53"	"78"
"53"	"127"
"53"	"8"
"53"	"29"
"53"	"35"
"53"	"38"
"53"	"50"
"53"	"84"
"53"	"97"
"53"	"129"
"53"	"139"
"53"	"2"
"53"	"15"
"53"	"20"
"53"	"32"
"53"	"36"
"53"	"37"
"53"	"47"
"53"	"57"
"53"	"87"
"53"	"114"
"53"	"89"
"53"	"107"
"82"	"43"
"82"	"46"
"82"	"100"
"82"	"5"
"82"	"9"
"82"	"18"
"82"	"26"
"82"	"39"
"82"	"44"
"82"	"69"
"82"	"71"
"82"	"73"
"82"	"78"
"82"	"127"
"82"	"8"
"82"	"29"
"82"	"35"
"82"	"38"
"82"	"50"
"82"	"84"
"82"	"97"
"82"	"129"
"82"	"139"
"82"	"2"
"82"	"15"
"82"	"20"
"82"	"32"
"82"	"36"
"82"	"37"
"82"	"47"
"82"	"57"
"82"	"87"
"82"	"114"
"82"	"89"
"82"	"107"
"115"	"11"
"115"	"30"
"115"	"63"
"115"	"76"
"115"	"83"
"115"	"121"
"115"	"98"
"115"	"3"
"115"	"4"
"115"	"10"
"115"	"16"
"115"	"23"
"115"	"25"
"115"	"34"
"115"	"56"
"115"	"75"
"115"	"85"
"115"	"92"
"115"	"96"
"115"	"102"
"115"	"103"
"115"	"117"
"115"	"122"
"115"	"125"
"115"	"132"
"115"	"116"
"115"	"120"
"115"	"62"
"115"	"52"
"115"	"58"
"115"	"88"
"115"	"90"
"115"	"93"
"115"	"89"
"115"	"107"
"99"	"42"
"99"	"55"
"99"	"81"
"99"	"7"
"99"	"60"
"99"	"5"
"99"	"9"
"99"	"18"
"99"	"26"
"99"	"39"
"99"	"44"
"99"	"69"
"99"	"71"
"99"	"73"
"99"	"78"
"99"	"127"
"99"	"8"
"99"	"29"
"99"	"35"
"99"	"38"
"99"	"50"
"99"	"84"
"99"	"97"
"99"	"129"
"99"	"139"
"99"	"3"
"99"	"4"
"99"	"10"
"99"	"16"
"99"	"23"
"99"	"25"
"99"	"34"
"99"	"56"
"99"	"75"
"99"	"85"
"99"	"92"
"99"	"96"
"99"	"102"
"99"	"103"
"99"	"117"
"99"	"122"
"99"	"125"
"99"	"132"
"99"	"116"
"99"	"120"
"99"	"52"
"99"	"58"
"99"	"88"
"99"	"90"
"99"	"93"
"99"	"89"
"99"	"107"
"104"	"42"
"104"	"55"
"104"	"81"
"104"	"7"
"104"	"60"
"104"	"5"
"104"	"9"
"104"	"18"
"104"	"26"
"104"	"39"
"104"	"44"
"104"	"69"
"104"	"71"
"104"	"73"
"104"	"78"
"104"	"127"
"104"	"8"
"104"	"29"
"104"	"35"
"104"	"38"
"104"	"50"
"104"	"84"
"104"	"97"
"104"	"129"
"104"	"139"
"104"	"3"
"104"	"4"
"104"	"10"
"104"	"16"
"104"	"23"
"104"	"25"
"104"	"34"
"104"	"56"
"104"	"75"
"104"	"85"
"104"	"92"
"104"	"96"
"104"	"102"
"104"	"103"
"104"	"117"
"104"	"122"
"104"	"125"
"104"	"132"
"104"	"116"
"104"	"120"
"104"	"52"
"104"	"58"
"104"	"88"
"104"	"90"
"104"	"93"
"104"	"89"
"104"	"107"
"111"	"42"
"111"	"55"
"111"	"81"
"111"	"7"
"111"	"60"
"111"	"5"
"111"	"9"
"111"	"18"
"111"	"26"
"111"	"39"
"111"	"44"
"111"	"69"
"111"	"71"
"111"	"73"
"111"	"78"
"111"	"127"
"111"	"8"
"111"	"29"
"111"	"35"
"111"	"38"
"111"	"50"
"111"	"84"
"111"	"97"
"111"	"129"
"111"	"139"
"111"	"3"
"111"	"4"
"111"	"10"
"111"	"16"
"111"	"23"
"111"	"25"
"111"	"34"
"111"	"56"
"111"	"75"
"111"	"85"
"111"	"92"
"111"	"96"
"111"	"102"
"111"	"103"
"111"	"117"
"111"	"122"
"111"	"125"
"111"	"132"
"111"	"116"
"111"	"120"
"111"	"52"
"111"	"58"
"111"	"88"
"111"	"90"
"111"	"93"
"111"	"89"
"111"	"107"
"24"	"55"
"24"	"7"
"24"	"60"
"24"	"98"
"24"	"89"
"24"	"107"
"24"	"99"
"24"	"104"
"68"	"19"
"68"	"5"
"68"	"9"
"68"	"18"
"68"	"26"
"68"	"39"
"68"	"44"
"68"	"69"
"68"	"71"
"68"	"73"
"68"	"78"
"68"	"127"
"68"	"8"
"68"	"29"
"68"	"35"
"68"	"38"
"68"	"50"
"68"	"84"
"68"	"97"
"68"	"129"
"68"	"139"
"68"	"2"
"68"	"47"
"68"	"57"
"68"	"87"
"68"	"114"
"68"	"10"
"68"	"16"
"68"	"25"
"68"	"34"
"68"	"75"
"68"	"96"
"68"	"102"
"68"	"103"
"68"	"122"
"68"	"125"
"68"	"116"
"68"	"120"
"68"	"52"
"68"	"58"
"68"	"88"
"68"	"90"
"68"	"93"
"68"	"99"
"68"	"104"
"68"	"111"
"59"	"19"
"59"	"7"
"59"	"43"
"59"	"46"
"59"	"60"
"59"	"100"
"59"	"5"
"59"	"9"
"59"	"18"
"59"	"26"
"59"	"39"
"59"	"44"
"59"	"69"
"59"	"71"
"59"	"73"
"59"	"78"
"59"	"127"
"59"	"8"
"59"	"29"
"59"	"35"
"59"	"38"
"59"	"50"
"59"	"84"
"59"	"97"
"59"	"129"
"59"	"139"
"59"	"2"
"59"	"47"
"59"	"57"
"59"	"87"
"59"	"114"
"59"	"10"
"59"	"16"
"59"	"25"
"59"	"34"
"59"	"75"
"59"	"96"
"59"	"102"
"59"	"103"
"59"	"122"
"59"	"125"
"59"	"52"
"59"	"58"
"59"	"88"
"59"	"90"
"59"	"93"
"59"	"99"
"59"	"104"
"59"	"111"
"128"	"19"
"128"	"7"
"128"	"43"
"128"	"46"
"128"	"60"
"128"	"100"
"128"	"5"
"128"	"9"
"128"	"18"
"128"	"26"
"128"	"39"
"128"	"44"
"128"	"69"
"128"	"71"
"128"	"73"
"128"	"78"
"128"	"127"
"128"	"8"
"128"	"29"
"128"	"35"
"128"	"38"
"128"	"50"
"128"	"84"
"128"	"97"
"128"	"129"
"128"	"139"
"128"	"2"
"128"	"47"
"128"	"57"
"128"	"87"
"128"	"114"
"128"	"10"
"128"	"16"
"128"	"25"
"128"	"34"
"128"	"75"
"128"	"96"
"128"	"102"
"128"	"103"
"128"	"122"
"128"	"125"
"128"	"52"
"128"	"58"
"128"	"88"
"128"	"90"
"128"	"93"
"128"	"99"
"128"	"104"
"128"	"111"
"101"	"64"
"101"	"68"
"124"	"64"
"124"	"68"
"17"	"55"
"17"	"98"
"17"	"10"
"17"	"16"
"17"	"25"
"17"	"34"
"17"	"75"
"17"	"96"
"17"	"102"
"17"	"103"
"17"	"122"
"17"	"125"
"17"	"89"
"17"	"107"
"17"	"68"
"41"	"55"
"41"	"98"
"41"	"10"
"41"	"16"
"41"	"25"
"41"	"34"
"41"	"75"
"41"	"96"
"41"	"102"
"41"	"103"
"41"	"122"
"41"	"125"
"41"	"89"
"41"	"107"
"41"	"68"
"109"	"7"
"109"	"43"
"109"	"46"
"109"	"60"
"109"	"100"
"109"	"8"
"109"	"29"
"109"	"35"
"109"	"38"
"109"	"50"
"109"	"84"
"109"	"97"
"109"	"129"
"109"	"2"
"109"	"47"
"109"	"57"
"109"	"87"
"109"	"114"
"109"	"99"
"109"	"104"
"109"	"111"
"109"	"68"
"110"	"7"
"110"	"43"
"110"	"46"
"110"	"60"
"110"	"100"
"110"	"8"
"110"	"29"
"110"	"35"
"110"	"38"
"110"	"50"
"110"	"84"
"110"	"97"
"110"	"129"
"110"	"2"
"110"	"47"
"110"	"57"
"110"	"87"
"110"	"114"
"110"	"99"
"110"	"104"
"110"	"111"
"110"	"68"
"135"	"7"
"135"	"43"
"135"	"46"
"135"	"60"
"135"	"100"
"135"	"8"
"135"	"29"
"135"	"35"
"135"	"38"
"135"	"50"
"135"	"84"
"135"	"97"
"135"	"129"
"135"	"2"
"135"	"47"
"135"	"57"
"135"	"87"
"135"	"114"
"135"	"99"
"135"	"104"
"135"	"111"
"135"	"68"
"6"	"42"
"6"	"74"
"6"	"5"
"6"	"9"
"6"	"18"
"6"	"26"
"6"	"39"
"6"	"44"
"6"	"69"
"6"	"71"
"6"	"73"
"6"	"78"
"6"	"127"
"6"	"8"
"6"	"29"
"6"	"35"
"6"	"38"
"6"	"50"
"6"	"84"
"6"	"97"
"6"	"129"
"6"	"139"
"6"	"2"
"6"	"47"
"6"	"57"
"6"	"87"
"6"	"114"
"6"	"64"
"6"	"68"
"48"	"42"
"48"	"74"
"48"	"5"
"48"	"9"
"48"	"18"
"48"	"26"
"48"	"39"
"48"	"44"
"48"	"69"
"48"	"71"
"48"	"73"
"48"	"78"
"48"	"127"
"48"	"8"
"48"	"29"
"48"	"35"
"48"	"38"
"48"	"50"
"48"	"84"
"48"	"97"
"48"	"129"
"48"	"139"
"48"	"2"
"48"	"47"
"48"	"57"
"48"	"87"
"48"	"114"
"48"	"64"
"48"	"68"
"49"	"42"
"49"	"74"
"49"	"5"
"49"	"9"
"49"	"18"
"49"	"26"
"49"	"39"
"49"	"44"
"49"	"69"
"49"	"71"
"49"	"73"
"49"	"78"
"49"	"127"
"49"	"8"
"49"	"29"
"49"	"35"
"49"	"38"
"49"	"50"
"49"	"84"
"49"	"97"
"49"	"129"
"49"	"139"
"49"	"2"
"49"	"47"
"49"	"57"
"49"	"87"
"49"	"114"
"49"	"64"
"49"	"68"
"13"	"106"
"13"	"7"
"13"	"60"
"13"	"5"
"13"	"9"
"13"	"18"
"13"	"26"
"13"	"39"
"13"	"44"
"13"	"69"
"13"	"71"
"13"	"73"
"13"	"78"
"13"	"127"
"13"	"8"
"13"	"29"
"13"	"35"
"13"	"38"
"13"	"50"
"13"	"84"
"13"	"97"
"13"	"129"
"13"	"10"
"13"	"16"
"13"	"25"
"13"	"34"
"13"	"75"
"13"	"95"
"13"	"96"
"13"	"102"
"13"	"103"
"13"	"122"
"13"	"125"
"13"	"116"
"13"	"120"
"13"	"52"
"13"	"58"
"13"	"88"
"13"	"90"
"13"	"93"
"13"	"99"
"13"	"104"
"13"	"111"
"13"	"68"
"79"	"106"
"79"	"7"
"79"	"60"
"79"	"5"
"79"	"9"
"79"	"18"
"79"	"26"
"79"	"39"
"79"	"44"
"79"	"69"
"79"	"71"
"79"	"73"
"79"	"78"
"79"	"127"
"79"	"8"
"79"	"29"
"79"	"35"
"79"	"38"
"79"	"50"
"79"	"84"
"79"	"97"
"79"	"129"
"79"	"10"
"79"	"16"
"79"	"25"
"79"	"34"
"79"	"75"
"79"	"95"
"79"	"96"
"79"	"102"
"79"	"103"
"79"	"122"
"79"	"125"
"79"	"116"
"79"	"120"
"79"	"52"
"79"	"58"
"79"	"88"
"79"	"90"
"79"	"93"
"79"	"99"
"79"	"104"
"79"	"111"
"79"	"68"
"14"	"40"
"14"	"68"
"14"	"101"
"14"	"124"
"27"	"40"
"27"	"68"
"27"	"101"
"27"	"124"
"51"	"40"
"51"	"68"
"51"	"101"
"51"	"124"
"61"	"40"
"61"	"68"
"61"	"101"
"61"	"124"
"77"	"40"
"77"	"68"
"77"	"101"
"77"	"124"
"80"	"40"
"80"	"68"
"80"	"101"
"80"	"124"
"105"	"40"
"105"	"68"
"105"	"101"
"105"	"124"
"33"	"40"
"33"	"101"
"33"	"124"
"33"	"17"
"33"	"41"
"54"	"40"
"54"	"101"
"54"	"124"
"54"	"17"
"54"	"41"
"118"	"5"
"118"	"9"
"118"	"18"
"118"	"26"
"118"	"39"
"118"	"44"
"118"	"69"
"118"	"71"
"118"	"73"
"118"	"78"
"118"	"127"
"118"	"8"
"118"	"29"
"118"	"35"
"118"	"38"
"118"	"50"
"118"	"84"
"118"	"97"
"118"	"129"
"118"	"98"
"118"	"10"
"118"	"16"
"118"	"25"
"118"	"34"
"118"	"75"
"118"	"96"
"118"	"102"
"118"	"103"
"118"	"122"
"118"	"125"
"118"	"116"
"118"	"120"
"118"	"40"
"118"	"52"
"118"	"58"
"118"	"88"
"118"	"90"
"118"	"93"
"118"	"64"
"118"	"89"
"118"	"107"
"118"	"59"
"118"	"128"
"118"	"109"
"118"	"110"
"118"	"135"
"118"	"6"
"118"	"48"
"118"	"49"
"65"	"98"
"65"	"40"
"65"	"89"
"65"	"107"
"65"	"99"
"65"	"104"
"65"	"111"
"65"	"24"
"65"	"13"
"65"	"79"
"66"	"98"
"66"	"40"
"66"	"89"
"66"	"107"
"66"	"99"
"66"	"104"
"66"	"111"
"66"	"24"
"66"	"13"
"66"	"79"
"67"	"98"
"67"	"40"
"67"	"89"
"67"	"107"
"67"	"99"
"67"	"104"
"67"	"111"
"67"	"24"
"67"	"13"
"67"	"79"
"123"	"98"
"123"	"40"
"123"	"89"
"123"	"107"
"123"	"99"
"123"	"104"
"123"	"111"
"123"	"24"
"123"	"13"
"123"	"79"
"28"	"98"
"28"	"40"
"28"	"64"
"28"	"53"
"28"	"82"
"28"	"99"
"28"	"104"
"28"	"111"
"28"	"68"
"28"	"109"
"28"	"110"
"28"	"135"
"28"	"6"
"28"	"48"
"28"	"49"
"28"	"13"
"28"	"79"
"72"	"98"
"72"	"40"
"72"	"64"
"72"	"53"
"72"	"82"
"72"	"99"
"72"	"104"
"72"	"111"
"72"	"68"
"72"	"109"
"72"	"110"
"72"	"135"
"72"	"6"
"72"	"48"
"72"	"49"
"72"	"13"
"72"	"79"
"131"	"98"
"131"	"40"
"131"	"64"
"131"	"53"
"131"	"82"
"131"	"99"
"131"	"104"
"131"	"111"
"131"	"68"
"131"	"109"
"131"	"110"
"131"	"135"
"131"	"6"
"131"	"48"
"131"	"49"
"131"	"13"
"131"	"79"
